2023-02-10,00:00:56,172.26.187.62,2865,https://example.com/mike/whisky/tango.html
2023-02-10,00:03:43,192.168.182.100,3933,https://example.com/victor/alpha.html
2023-02-10,00:03:53,10.38.246.156,525,https://example.com/golf/delta/golf.html
2023-02-10,00:04:58,10.233.162.246,899,https://example.com/kilo.html
2023-02-10,00:05:43,192.168.171.170,3246,https://example.com/sierra/golf/kilo.html
2023-02-10,00:06:50,192.168.244.39,1464,https://example.com/xray/quebec/hotel.html
2023-02-10,00:06:58,172.21.236.165,1766,https://example.com/zulu/echo/echo.html
2023-02-10,00:13:25,192.168.108.60,1200,https://example.com/delta.html
2023-02-10,00:14:28,192.168.141.219,1245,https://example.com/uniform/foxtrot.html
2023-02-10,00:17:58,172.29.9.178,4018,https://example.com/echo/bravo.html
2023-02-10,00:20:15,192.168.78.13,2192,https://example.com/zulu/romeo/delta.html
2023-02-10,00:20:57,192.168.127.118,3906,https://example.com/mike.html
2023-02-10,00:21:46,172.30.168.90,1648,https://example.com/echo/golf/papa.html
2023-02-10,00:24:00,192.168.65.182,1439,https://example.com/echo.html
2023-02-10,00:24:31,192.168.139.29,1098,https://example.com/whisky.html
2023-02-10,00:26:20,10.6.77.253,776,https://example.com/zulu.html
2023-02-10,00:26:52,192.168.192.80,1464,https://example.com/zulu/kilo/november.html
2023-02-10,00:29:51,10.197.114.220,949,https://example.com/papa/india.html
2023-02-10,00:31:19,172.25.189.66,1374,https://example.com/victor/bravo.html
2023-02-10,00:31:22,172.27.164.134,971,https://example.com/mike/romeo/xray.html
2023-02-10,00:31:47,172.18.59.193,930,https://example.com/tango.html
2023-02-10,00:33:30,10.25.70.34,2857,https://example.com/hotel/victor/echo.html
2023-02-10,00:33:41,172.29.180.244,3950,https://example.com/whisky/papa/papa.html
2023-02-10,00:37:22,172.22.213.184,4008,https://example.com/golf/kilo.html
2023-02-10,00:37:56,10.65.207.61,3483,https://example.com/kilo.html
2023-02-10,00:39:09,192.168.151.97,2016,https://example.com/yankee/alpha.html
2023-02-10,00:40:15,10.221.183.114,602,https://example.com/papa/kilo.html
2023-02-10,00:42:12,192.168.115.93,507,https://example.com/golf/tango.html
2023-02-10,00:42:34,172.27.242.129,3051,https://example.com/lima/november.html
2023-02-10,00:42:41,172.17.73.129,1273,https://example.com/juliet.html
2023-02-10,00:48:15,10.252.180.190,2324,https://example.com/alpha/foxtrot/xray.html
2023-02-10,00:50:23,192.168.156.228,1781,https://example.com/lima/juliet.html
2023-02-10,00:51:09,10.245.124.234,3994,https://example.com/hotel/delta.html
2023-02-10,00:54:49,192.168.255.140,2968,https://example.com/zulu/oscar/tango.html
2023-02-10,00:56:42,10.88.49.13,3845,https://example.com/whisky.html
2023-02-10,00:57:35,172.29.56.197,2518,https://example.com/sierra/november/kilo.html
2023-02-10,00:58:17,172.29.175.230,1765,https://example.com/golf.html
2023-02-10,00:58:23,172.23.88.81,1105,https://example.com/romeo.html
2023-02-10,01:01:29,192.168.250.123,2991,https://example.com/xray.html
2023-02-10,01:03:37,172.29.162.109,181,https://example.com/romeo.html
2023-02-10,01:04:57,172.21.143.211,2794,https://example.com/oscar/bravo/yankee.html
2023-02-10,01:05:04,10.25.220.125,522,https://example.com/delta/victor/mike.html
2023-02-10,01:05:29,172.16.13.47,1210,https://example.com/juliet/golf/golf.html
2023-02-10,01:08:28,192.168.11.166,1811,https://example.com/charlie/xray/juliet.html
2023-02-10,01:11:17,172.25.31.68,518,https://example.com/romeo/uniform/mike.html
2023-02-10,01:12:06,10.203.98.56,545,https://example.com/quebec/papa.html
2023-02-10,01:13:04,172.17.36.37,2148,https://example.com/echo.html
2023-02-10,01:14:50,10.62.195.242,1947,https://example.com/echo/charlie.html
2023-02-10,01:16:42,172.29.100.157,3618,https://example.com/hotel.html
2023-02-10,01:18:07,10.231.33.86,1844,https://example.com/kilo/delta/bravo.html
2023-02-10,01:20:57,192.168.39.6,3410,https://example.com/bravo.html
2023-02-10,01:22:38,192.168.197.73,2548,https://example.com/november/victor.html
2023-02-10,01:22:59,172.31.181.172,1996,https://example.com/whisky/alpha.html
2023-02-10,01:23:57,192.168.1.131,3192,https://example.com/zulu/juliet.html
2023-02-10,01:26:35,192.168.139.71,2064,https://example.com/golf.html
2023-02-10,01:27:55,10.217.198.237,3795,https://example.com/romeo/uniform.html
2023-02-10,01:31:49,192.168.19.77,61,https://example.com/alpha/mike.html
2023-02-10,01:33:38,10.144.150.101,2273,https://example.com/romeo/zulu/echo.html
2023-02-10,01:36:29,10.138.106.209,1255,https://example.com/alpha.html
2023-02-10,01:39:28,192.168.173.236,1477,https://example.com/delta/quebec/juliet.html
2023-02-10,01:42:37,192.168.72.140,1128,https://example.com/uniform/hotel.html
2023-02-10,01:45:24,10.122.218.222,1090,https://example.com/bravo/romeo.html
2023-02-10,01:50:20,192.168.143.119,2970,https://example.com/juliet.html
2023-02-10,01:50:21,192.168.93.53,2387,https://example.com/bravo/yankee.html
2023-02-10,01:52:19,192.168.10.50,1966,https://example.com/quebec/kilo.html
2023-02-10,01:52:54,192.168.207.152,4214,https://example.com/foxtrot/papa.html
2023-02-10,01:54:01,192.168.128.119,498,https://example.com/charlie/november.html
2023-02-10,01:54:08,172.25.32.248,2159,https://example.com/quebec/zulu.html
2023-02-10,01:54:33,192.168.152.123,1746,https://example.com/romeo/charlie/oscar.html
2023-02-10,01:56:27,10.32.42.116,688,https://example.com/echo/juliet.html
2023-02-10,01:57:45,192.168.46.39,4196,https://example.com/november.html
2023-02-10,02:00:43,10.226.216.109,1426,https://example.com/uniform/november/oscar.html
2023-02-10,02:05:56,172.31.53.59,2871,https://example.com/juliet/echo/papa.html
2023-02-10,02:06:13,172.30.191.231,333,https://example.com/delta/uniform/juliet.html
2023-02-10,02:08:18,192.168.246.28,2685,https://example.com/lima/whisky.html
2023-02-10,02:09:28,192.168.14.209,1728,https://example.com/quebec/november/quebec.html
2023-02-10,02:11:26,10.197.20.47,591,https://example.com/hotel/oscar.html
2023-02-10,02:11:55,10.131.107.151,2964,https://example.com/tango.html
2023-02-10,02:12:06,172.27.139.218,2875,https://example.com/romeo/whisky.html
2023-02-10,02:12:08,172.23.28.47,84,https://example.com/tango.html
2023-02-10,02:12:39,172.22.156.12,1675,https://example.com/kilo/golf/tango.html
2023-02-10,02:14:37,172.18.81.48,3052,https://example.com/mike/mike/victor.html
2023-02-10,02:15:00,10.249.99.167,4093,https://example.com/alpha/charlie.html
2023-02-10,02:15:46,172.27.66.145,3184,https://example.com/whisky/alpha/golf.html
2023-02-10,02:16:46,10.249.236.40,3111,https://example.com/november.html
2023-02-10,02:17:16,192.168.205.232,3774,https://example.com/alpha/romeo.html
2023-02-10,02:20:18,10.23.226.85,2091,https://example.com/bravo.html
2023-02-10,02:21:01,192.168.59.120,1331,https://example.com/alpha/hotel/november.html
2023-02-10,02:22:19,172.23.218.25,914,https://example.com/charlie.html
2023-02-10,02:25:30,10.205.76.49,2209,https://example.com/papa/delta.html
2023-02-10,02:26:39,172.28.140.187,670,https://example.com/zulu/charlie/juliet.html
2023-02-10,02:26:51,192.168.245.181,4112,https://example.com/delta/foxtrot.html
2023-02-10,02:27:54,172.19.52.207,3849,https://example.com/tango/quebec.html
2023-02-10,02:27:57,172.26.38.141,2715,https://example.com/golf.html
2023-02-10,02:32:49,192.168.98.126,291,https://example.com/tango/bravo/zulu.html
2023-02-10,02:35:35,192.168.163.114,1430,https://example.com/golf/papa/mike.html
2023-02-10,02:36:11,192.168.152.228,3359,https://example.com/india/bravo.html
2023-02-10,02:41:20,10.87.184.169,1715,https://example.com/yankee/romeo.html
2023-02-10,02:41:50,192.168.71.106,2501,https://example.com/xray/xray/romeo.html
2023-02-10,02:41:51,192.168.171.83,1741,https://example.com/india/yankee/zulu.html
2023-02-10,02:44:30,172.27.170.100,3896,https://example.com/zulu.html
2023-02-10,02:48:33,192.168.160.43,3257,https://example.com/bravo/papa/juliet.html
2023-02-10,02:48:41,192.168.15.229,405,https://example.com/november/uniform.html
2023-02-10,02:48:54,10.125.182.73,3383,https://example.com/papa.html
2023-02-10,02:52:03,192.168.60.148,2066,https://example.com/kilo.html
2023-02-10,02:52:10,172.20.220.66,1114,https://example.com/echo/india/zulu.html
2023-02-10,02:54:06,192.168.136.216,1082,https://example.com/foxtrot.html
2023-02-10,02:54:43,10.66.46.24,3245,https://example.com/delta/november.html
2023-02-10,03:04:48,192.168.164.2,271,https://example.com/victor.html
2023-02-10,03:07:15,192.168.251.103,2701,https://example.com/hotel.html
2023-02-10,03:08:54,10.86.156.208,3928,https://example.com/tango/kilo/uniform.html
2023-02-10,03:12:07,192.168.50.148,2167,https://example.com/india.html
2023-02-10,03:12:57,192.168.157.136,1607,https://example.com/oscar/sierra.html
2023-02-10,03:16:38,172.25.1.35,2757,https://example.com/india.html
2023-02-10,03:17:23,172.18.207.192,3389,https://example.com/lima.html
2023-02-10,03:17:51,172.17.54.178,3447,https://example.com/bravo/tango.html
2023-02-10,03:19:07,10.90.221.27,1210,https://example.com/quebec/foxtrot/foxtrot.html
2023-02-10,03:21:47,172.21.125.109,1748,https://example.com/sierra/oscar.html
2023-02-10,03:22:44,172.27.182.45,2046,https://example.com/foxtrot/juliet.html
2023-02-10,03:25:30,192.168.99.226,1888,https://example.com/golf.html
2023-02-10,03:28:27,10.139.13.104,3663,https://example.com/whisky/alpha/sierra.html
2023-02-10,03:30:37,172.23.163.173,2703,https://example.com/echo/lima/november.html
2023-02-10,03:30:53,192.168.156.70,2351,https://example.com/zulu/november.html
2023-02-10,03:36:05,192.168.35.181,538,https://example.com/victor.html
2023-02-10,03:37:36,10.231.214.196,2693,https://example.com/sierra/zulu/charlie.html
2023-02-10,03:39:45,10.42.139.94,1782,https://example.com/yankee/uniform/hotel.html
2023-02-10,03:45:24,192.168.236.70,2810,https://example.com/mike.html
2023-02-10,03:45:42,172.16.97.2,2612,https://example.com/uniform.html
2023-02-10,03:49:52,10.148.131.46,1789,https://example.com/mike/tango.html
2023-02-10,03:51:03,192.168.57.213,2198,https://example.com/alpha.html
2023-02-10,03:51:09,10.230.174.200,2286,https://example.com/sierra.html
2023-02-10,03:52:01,192.168.220.5,1087,https://example.com/delta/alpha.html
2023-02-10,03:52:33,10.86.145.211,2996,https://example.com/juliet/hotel.html
2023-02-10,03:54:14,172.31.83.254,2986,https://example.com/echo/kilo/echo.html
2023-02-10,03:55:15,10.118.72.229,1878,https://example.com/xray/uniform.html
2023-02-10,03:55:47,192.168.92.39,1343,https://example.com/whisky/juliet.html
2023-02-10,03:57:05,192.168.235.140,726,https://example.com/hotel.html
2023-02-10,03:58:29,10.255.219.136,1696,https://example.com/juliet/india/zulu.html
2023-02-10,03:59:51,192.168.157.211,581,https://example.com/whisky.html
2023-02-10,04:05:27,10.92.171.89,2287,https://example.com/bravo.html
2023-02-10,04:07:54,192.168.136.19,638,https://example.com/kilo.html
2023-02-10,04:08:17,172.25.11.171,3212,https://example.com/juliet/foxtrot/xray.html
2023-02-10,04:09:44,192.168.253.192,3328,https://example.com/golf.html
2023-02-10,04:10:05,10.114.34.56,3865,https://example.com/yankee/foxtrot.html
2023-02-10,04:10:06,10.244.26.104,616,https://example.com/yankee/lima.html
2023-02-10,04:11:26,192.168.60.226,3065,https://example.com/oscar/sierra.html
2023-02-10,04:12:19,192.168.199.123,3696,https://example.com/golf/echo.html
2023-02-10,04:20:50,172.21.90.218,2478,https://example.com/kilo.html
2023-02-10,04:21:55,10.116.230.63,1556,https://example.com/lima/tango/oscar.html
2023-02-10,04:22:48,172.22.62.212,722,https://example.com/hotel.html
2023-02-10,04:23:35,192.168.89.151,3351,https://example.com/victor.html
2023-02-10,04:25:19,192.168.96.138,2928,https://example.com/quebec/delta.html
2023-02-10,04:28:16,192.168.244.174,2459,https://example.com/golf/charlie/yankee.html
2023-02-10,04:29:50,172.23.174.169,3102,https://example.com/oscar.html
2023-02-10,04:31:12,172.23.216.140,1884,https://example.com/golf.html
2023-02-10,04:31:56,172.31.113.2,272,https://example.com/xray.html
2023-02-10,04:36:16,192.168.253.173,2613,https://example.com/xray/bravo.html
2023-02-10,04:43:04,10.161.86.167,308,https://example.com/quebec/bravo/echo.html
2023-02-10,04:47:40,172.19.156.239,1340,https://example.com/bravo.html
2023-02-10,04:48:41,192.168.116.195,3076,https://example.com/golf.html
2023-02-10,04:50:51,10.85.24.30,2838,https://example.com/whisky.html
2023-02-10,04:52:10,192.168.115.190,2563,https://example.com/golf/alpha.html
2023-02-10,04:55:24,172.16.180.207,138,https://example.com/romeo.html
2023-02-10,04:55:46,10.8.139.248,1112,https://example.com/sierra/quebec.html
2023-02-10,04:55:59,192.168.30.172,3555,https://example.com/romeo.html
2023-02-10,04:59:19,10.144.222.94,2259,https://example.com/november/golf.html
2023-02-10,05:00:20,192.168.25.235,162,https://example.com/lima/quebec/oscar.html
2023-02-10,05:08:38,10.225.65.45,3734,https://example.com/yankee.html
2023-02-10,05:08:44,10.254.197.232,1511,https://example.com/juliet.html
2023-02-10,05:12:06,172.31.254.93,2726,https://example.com/juliet.html
2023-02-10,05:13:10,172.18.25.209,3382,https://example.com/charlie.html
2023-02-10,05:13:36,192.168.192.229,2402,https://example.com/lima/mike/yankee.html
2023-02-10,05:13:57,10.199.185.154,3513,https://example.com/delta/xray.html
2023-02-10,05:15:39,192.168.132.209,1506,https://example.com/echo/xray/zulu.html
2023-02-10,05:16:51,192.168.184.39,1990,https://example.com/yankee.html
2023-02-10,05:16:51,192.168.220.192,4100,https://example.com/romeo/romeo/india.html
2023-02-10,05:17:22,192.168.208.2,2451,https://example.com/quebec/alpha/lima.html
2023-02-10,05:20:44,192.168.179.187,4048,https://example.com/golf/bravo.html
2023-02-10,05:20:56,192.168.67.123,1503,https://example.com/lima.html
2023-02-10,05:21:05,172.23.79.39,889,https://example.com/kilo/bravo/kilo.html
2023-02-10,05:25:05,172.27.6.171,724,https://example.com/romeo/mike.html
2023-02-10,05:26:53,192.168.40.43,2759,https://example.com/mike/alpha/foxtrot.html
2023-02-10,05:27:07,172.26.171.58,2800,https://example.com/mike.html
2023-02-10,05:27:30,172.23.163.113,2465,https://example.com/bravo.html
2023-02-10,05:27:47,192.168.181.122,755,https://example.com/mike/mike.html
2023-02-10,05:32:11,10.226.188.174,3872,https://example.com/zulu/tango/victor.html
2023-02-10,05:34:49,192.168.132.37,1346,https://example.com/sierra.html
2023-02-10,05:35:26,10.224.229.90,3541,https://example.com/victor.html
2023-02-10,05:35:58,192.168.137.184,1696,https://example.com/whisky/delta/sierra.html
2023-02-10,05:35:59,10.218.26.22,532,https://example.com/delta/whisky.html
2023-02-10,05:37:06,10.134.224.29,2339,https://example.com/golf/romeo/zulu.html
2023-02-10,05:38:12,10.237.180.13,1591,https://example.com/quebec/uniform.html
2023-02-10,05:39:19,172.29.122.104,976,https://example.com/golf.html
2023-02-10,05:39:46,172.16.22.131,3211,https://example.com/whisky/whisky/hotel.html
2023-02-10,05:43:19,172.31.166.70,3855,https://example.com/juliet/juliet/sierra.html
2023-02-10,05:45:03,192.168.189.159,3584,https://example.com/victor/yankee.html
2023-02-10,05:45:17,172.19.179.133,502,https://example.com/romeo/delta/bravo.html
2023-02-10,05:45:38,10.177.16.108,1158,https://example.com/victor/victor/india.html
2023-02-10,05:47:27,172.18.43.121,3920,https://example.com/uniform/november/quebec.html
2023-02-10,05:54:23,192.168.45.47,959,https://example.com/juliet/india.html
2023-02-10,05:56:22,172.28.70.13,4233,https://example.com/juliet.html
2023-02-10,06:01:24,192.168.119.253,4110,https://example.com/mike/quebec/foxtrot.html
2023-02-10,06:01:35,10.99.24.160,896,https://example.com/foxtrot.html
2023-02-10,06:02:38,172.22.136.178,1472,https://example.com/india.html
2023-02-10,06:07:23,172.28.193.45,4116,https://example.com/foxtrot/quebec/golf.html
2023-02-10,06:10:21,10.27.101.216,4204,https://example.com/zulu/yankee.html
2023-02-10,06:10:58,192.168.9.17,2552,https://example.com/romeo.html
2023-02-10,06:11:45,172.20.173.45,3421,https://example.com/zulu/yankee.html
2023-02-10,06:12:08,10.20.242.156,3747,https://example.com/kilo/lima/delta.html
2023-02-10,06:12:27,10.138.51.232,1937,https://example.com/zulu/victor.html
2023-02-10,06:12:44,10.123.6.42,1037,https://example.com/zulu.html
2023-02-10,06:13:36,172.27.103.52,945,https://example.com/sierra/juliet/foxtrot.html
2023-02-10,06:18:12,172.27.195.20,1076,https://example.com/oscar.html
2023-02-10,06:19:20,192.168.209.117,2333,https://example.com/victor/victor.html
2023-02-10,06:22:07,192.168.96.135,3245,https://example.com/xray.html
2023-02-10,06:22:52,172.18.58.156,3006,https://example.com/zulu.html
2023-02-10,06:24:37,10.46.28.55,3049,https://example.com/juliet/oscar.html
2023-02-10,06:24:43,10.110.91.75,1597,https://example.com/yankee.html
2023-02-10,06:25:15,10.140.172.168,3174,https://example.com/delta/hotel.html
2023-02-10,06:25:21,10.35.21.92,596,https://example.com/mike/oscar.html
2023-02-10,06:27:54,172.26.82.202,2455,https://example.com/mike/mike.html
2023-02-10,06:29:32,10.81.27.48,3883,https://example.com/india/mike.html
2023-02-10,06:29:59,172.18.192.236,958,https://example.com/echo/alpha.html
2023-02-10,06:30:09,192.168.192.30,235,https://example.com/bravo/hotel/india.html
2023-02-10,06:32:14,192.168.178.130,1141,https://example.com/xray/mike/whisky.html
2023-02-10,06:32:33,10.80.74.105,1767,https://example.com/papa/kilo/oscar.html
2023-02-10,06:37:42,10.216.241.239,667,https://example.com/november.html
2023-02-10,06:38:15,172.23.93.197,4038,https://example.com/lima/quebec/bravo.html
2023-02-10,06:39:41,172.28.40.128,1064,https://example.com/zulu/charlie/juliet.html
2023-02-10,06:42:26,192.168.76.145,1647,https://example.com/papa.html
2023-02-10,06:44:48,172.21.163.210,2838,https://example.com/charlie/mike/xray.html
2023-02-10,06:45:23,192.168.247.90,2447,https://example.com/echo.html
2023-02-10,06:47:16,192.168.224.233,684,https://example.com/oscar/victor/tango.html
2023-02-10,06:51:52,10.95.4.70,1756,https://example.com/tango/juliet/whisky.html
2023-02-10,06:53:05,10.139.79.150,3482,https://example.com/november/romeo/papa.html
2023-02-10,06:54:31,10.165.145.211,537,https://example.com/golf/india.html
2023-02-10,06:54:51,192.168.45.11,559,https://example.com/bravo/sierra/golf.html
2023-02-10,06:56:52,10.131.112.74,4106,https://example.com/kilo/golf.html
2023-02-10,06:58:06,10.226.223.238,2351,https://example.com/hotel.html
2023-02-10,07:02:22,172.31.70.8,3933,https://example.com/charlie/november/oscar.html
2023-02-10,07:04:42,10.207.177.174,1442,https://example.com/charlie/xray.html
2023-02-10,07:05:33,172.27.49.64,2648,https://example.com/romeo.html
2023-02-10,07:05:47,172.20.97.21,2801,https://example.com/india/oscar.html
2023-02-10,07:06:13,192.168.230.240,2265,https://example.com/golf.html
2023-02-10,07:07:35,172.31.124.118,4180,https://example.com/romeo/delta.html
2023-02-10,07:11:43,10.137.8.89,3900,https://example.com/yankee.html
2023-02-10,07:12:52,172.27.55.41,1430,https://example.com/juliet/echo/november.html
2023-02-10,07:15:47,10.214.237.251,4083,https://example.com/hotel.html
2023-02-10,07:16:02,192.168.49.154,3711,https://example.com/whisky/lima.html
2023-02-10,07:17:28,192.168.4.59,2902,https://example.com/victor/golf/whisky.html
2023-02-10,07:18:43,10.174.92.10,2956,https://example.com/lima.html
2023-02-10,07:22:00,192.168.20.141,1624,https://example.com/alpha/sierra.html
2023-02-10,07:23:43,10.116.16.131,3021,https://example.com/romeo.html
2023-02-10,07:24:05,172.19.130.171,2974,https://example.com/golf.html
2023-02-10,07:25:17,10.56.93.86,1521,https://example.com/golf.html
2023-02-10,07:25:41,192.168.131.227,1642,https://example.com/delta.html
2023-02-10,07:28:11,172.16.110.82,2300,https://example.com/foxtrot.html
2023-02-10,07:29:41,172.24.157.105,2123,https://example.com/papa/november/india.html
2023-02-10,07:30:22,172.25.28.158,4134,https://example.com/india/golf.html
2023-02-10,07:32:32,192.168.62.19,3297,https://example.com/foxtrot/charlie.html
2023-02-10,07:35:44,192.168.140.48,2976,https://example.com/sierra/lima/quebec.html
2023-02-10,07:36:32,172.29.96.32,1792,https://example.com/foxtrot/victor.html
2023-02-10,07:54:50,172.16.131.165,621,https://example.com/delta/whisky.html
2023-02-10,07:57:31,192.168.140.106,3520,https://example.com/charlie.html
2023-02-10,07:58:57,192.168.180.74,1952,https://example.com/quebec.html
2023-02-10,07:59:16,172.25.173.102,3528,https://example.com/uniform/uniform/oscar.html
2023-02-10,07:59:33,192.168.34.16,2273,https://example.com/lima.html
2023-02-10,07:59:42,172.23.184.134,524,https://example.com/alpha/oscar.html
2023-02-10,08:00:03,172.19.254.128,2323,https://example.com/hotel.html
2023-02-10,08:00:54,10.229.138.42,529,https://example.com/xray.html
2023-02-10,08:02:19,172.20.19.232,820,https://example.com/india/tango.html
2023-02-10,08:04:28,192.168.103.255,2101,https://example.com/echo/mike/hotel.html
2023-02-10,08:06:51,10.199.86.35,4225,https://example.com/lima/xray.html
2023-02-10,08:13:00,10.177.69.38,4113,https://example.com/alpha/charlie.html
2023-02-10,08:15:27,192.168.237.79,3455,https://example.com/echo/romeo/mike.html
2023-02-10,08:17:27,10.32.242.91,82,https://example.com/mike/echo.html
2023-02-10,08:17:50,172.18.147.19,4185,https://example.com/yankee/charlie/delta.html
2023-02-10,08:21:04,10.169.155.167,1787,https://example.com/uniform.html
2023-02-10,08:25:15,10.247.207.163,2500,https://example.com/hotel.html
2023-02-10,08:26:35,172.30.121.138,3861,https://example.com/delta/hotel.html
2023-02-10,08:26:39,192.168.194.135,451,https://example.com/charlie.html
2023-02-10,08:27:24,172.23.102.172,2507,https://example.com/kilo/victor.html
2023-02-10,08:29:47,192.168.175.36,1054,https://example.com/whisky/romeo/zulu.html
2023-02-10,08:30:48,192.168.96.38,3148,https://example.com/hotel/bravo.html
2023-02-10,08:31:58,10.183.131.223,2568,https://example.com/echo/india/uniform.html
2023-02-10,08:34:00,10.206.52.49,2948,https://example.com/bravo/mike.html
2023-02-10,08:34:31,172.22.68.40,1097,https://example.com/charlie/papa.html
2023-02-10,08:37:44,192.168.161.108,2528,https://example.com/delta/romeo.html
2023-02-10,08:41:21,172.19.196.175,3610,https://example.com/victor/bravo/whisky.html
2023-02-10,08:41:48,172.25.89.121,3275,https://example.com/sierra.html
2023-02-10,08:42:33,172.27.242.204,628,https://example.com/golf/sierra/echo.html
2023-02-10,08:47:42,172.24.52.120,2042,https://example.com/victor/romeo.html
2023-02-10,08:48:15,192.168.238.250,3639,https://example.com/papa/xray/tango.html
2023-02-10,08:48:16,192.168.48.242,1399,https://example.com/alpha/charlie.html
2023-02-10,08:49:13,192.168.226.125,2948,https://example.com/golf/uniform/quebec.html
2023-02-10,08:49:49,192.168.206.27,1079,https://example.com/lima.html
2023-02-10,08:53:49,10.184.161.154,4226,https://example.com/echo/alpha.html
2023-02-10,08:54:13,192.168.173.22,3407,https://example.com/charlie/tango.html
2023-02-10,08:54:46,192.168.213.110,980,https://example.com/hotel.html
2023-02-10,08:55:07,192.168.224.208,2856,https://example.com/foxtrot.html
2023-02-10,08:55:59,192.168.10.195,1429,https://example.com/quebec.html
2023-02-10,08:56:05,192.168.27.107,214,https://example.com/uniform/sierra.html
2023-02-10,08:58:12,192.168.146.184,2599,https://example.com/golf.html
2023-02-10,08:59:48,172.20.59.166,148,https://example.com/lima.html
2023-02-10,09:00:53,10.45.191.36,823,https://example.com/delta/golf.html
2023-02-10,09:01:02,172.26.35.69,3612,https://example.com/golf/hotel/foxtrot.html
2023-02-10,09:03:10,10.156.150.39,2859,https://example.com/victor/zulu.html
2023-02-10,09:05:07,192.168.217.189,933,https://example.com/victor.html
2023-02-10,09:06:40,192.168.138.77,154,https://example.com/yankee.html
2023-02-10,09:06:50,10.208.193.135,4073,https://example.com/charlie/romeo/uniform.html
2023-02-10,09:07:02,10.72.102.117,2093,https://example.com/foxtrot/hotel.html
2023-02-10,09:07:36,192.168.244.225,151,https://example.com/tango/kilo.html
2023-02-10,09:10:27,172.19.158.74,3142,https://example.com/lima/quebec.html
2023-02-10,09:12:13,172.18.171.204,2498,https://example.com/hotel/xray.html
2023-02-10,09:12:44,10.248.72.90,2845,https://example.com/hotel.html
2023-02-10,09:15:25,172.28.124.24,497,https://example.com/whisky.html
2023-02-10,09:18:25,10.211.11.167,333,https://example.com/delta/delta.html
2023-02-10,09:19:09,192.168.39.208,1636,https://example.com/hotel.html
2023-02-10,09:19:24,10.222.70.59,2018,https://example.com/quebec.html
2023-02-10,09:22:28,172.19.184.253,4098,https://example.com/charlie.html
2023-02-10,09:22:41,172.24.150.25,2792,https://example.com/uniform/bravo.html
2023-02-10,09:22:54,10.201.145.55,3312,https://example.com/november.html
2023-02-10,09:24:03,192.168.242.69,3376,https://example.com/sierra/lima/lima.html
2023-02-10,09:25:17,10.106.61.113,3166,https://example.com/golf/uniform.html
2023-02-10,09:26:28,172.29.87.242,940,https://example.com/uniform/zulu.html
2023-02-10,09:32:40,172.19.212.103,1137,https://example.com/romeo/kilo.html
2023-02-10,09:32:52,172.17.136.102,428,https://example.com/hotel.html
2023-02-10,09:33:01,10.113.107.116,238,https://example.com/bravo/yankee/tango.html
2023-02-10,09:33:35,192.168.208.210,799,https://example.com/oscar.html
2023-02-10,09:35:56,172.31.104.7,3948,https://example.com/victor.html
2023-02-10,09:36:06,192.168.144.12,4159,https://example.com/romeo/kilo.html
2023-02-10,09:36:11,10.30.255.224,2232,https://example.com/romeo.html
2023-02-10,09:37:35,192.168.109.238,3100,https://example.com/november/papa.html
2023-02-10,09:37:59,172.28.86.134,3550,https://example.com/victor.html
2023-02-10,09:41:28,192.168.70.65,1650,https://example.com/lima.html
2023-02-10,09:43:22,10.19.93.230,4189,https://example.com/india/whisky.html
2023-02-10,09:45:04,192.168.49.218,2097,https://example.com/india/zulu.html
2023-02-10,09:46:27,10.137.215.76,97,https://example.com/india/zulu/india.html
2023-02-10,09:46:29,192.168.194.214,2951,https://example.com/hotel.html
2023-02-10,09:47:20,172.27.66.89,2602,https://example.com/india.html
2023-02-10,09:48:58,172.23.161.105,3998,https://example.com/victor/delta.html
2023-02-10,09:49:53,10.46.150.183,594,https://example.com/golf/mike.html
2023-02-10,09:52:28,10.255.9.107,1202,https://example.com/november/papa.html
2023-02-10,09:55:47,172.18.162.236,2534,https://example.com/delta.html
2023-02-10,09:58:17,192.168.233.253,4109,https://example.com/oscar/golf.html
2023-02-10,09:59:34,192.168.93.20,3408,https://example.com/hotel/papa.html
2023-02-10,10:01:26,10.74.236.22,2106,https://example.com/sierra.html
2023-02-10,10:01:45,10.160.86.193,3874,https://example.com/whisky/papa.html
2023-02-10,10:03:41,172.28.215.109,576,https://example.com/kilo/yankee.html
2023-02-10,10:04:41,10.13.173.87,2434,https://example.com/romeo.html
2023-02-10,10:06:48,192.168.119.67,1027,https://example.com/uniform/golf/whisky.html
2023-02-10,10:07:09,192.168.106.71,3732,https://example.com/delta/lima.html
2023-02-10,10:08:34,10.229.136.215,3772,https://example.com/whisky.html
2023-02-10,10:08:45,172.26.52.99,653,https://example.com/yankee/hotel/delta.html
2023-02-10,10:09:00,172.21.90.59,1205,https://example.com/india/uniform.html
2023-02-10,10:09:06,192.168.110.85,2762,https://example.com/romeo/juliet/delta.html
2023-02-10,10:09:45,192.168.77.61,280,https://example.com/golf.html
2023-02-10,10:09:47,10.53.67.48,3686,https://example.com/tango.html
2023-02-10,10:14:15,192.168.135.43,2854,https://example.com/yankee/alpha/hotel.html
2023-02-10,10:15:25,172.20.174.201,3841,https://example.com/whisky/zulu/papa.html
2023-02-10,10:17:14,10.189.116.9,3693,https://example.com/xray/bravo/hotel.html
2023-02-10,10:22:18,10.253.179.172,3170,https://example.com/juliet/whisky.html
2023-02-10,10:22:21,10.249.35.196,1816,https://example.com/delta/xray.html
2023-02-10,10:22:40,10.134.22.184,1155,https://example.com/papa/mike.html
2023-02-10,10:23:08,172.17.220.174,992,https://example.com/yankee.html
2023-02-10,10:24:02,192.168.39.217,1093,https://example.com/whisky.html
2023-02-10,10:25:49,192.168.15.1,3756,https://example.com/whisky.html
2023-02-10,10:28:36,172.30.183.228,3261,https://example.com/kilo/india/xray.html
2023-02-10,10:28:57,172.20.42.85,3810,https://example.com/papa.html
2023-02-10,10:29:31,10.85.3.253,1575,https://example.com/victor/india.html
2023-02-10,10:30:05,192.168.20.142,1040,https://example.com/november/uniform.html
2023-02-10,10:30:51,172.21.120.234,3786,https://example.com/victor.html
2023-02-10,10:31:24,192.168.19.216,2448,https://example.com/echo/kilo.html
2023-02-10,10:32:47,10.245.160.110,3951,https://example.com/charlie/uniform.html
2023-02-10,10:37:10,10.76.102.91,1239,https://example.com/victor.html
2023-02-10,10:37:14,192.168.158.137,2256,https://example.com/echo/victor.html
2023-02-10,10:37:29,192.168.20.122,3218,https://example.com/oscar.html
2023-02-10,10:38:07,172.18.141.128,714,https://example.com/november.html
2023-02-10,10:38:09,172.30.6.182,813,https://example.com/golf/echo/tango.html
2023-02-10,10:38:33,10.177.135.203,247,https://example.com/lima/echo/quebec.html
2023-02-10,10:41:10,192.168.151.137,2244,https://example.com/zulu/yankee/mike.html
2023-02-10,10:41:11,192.168.183.74,2407,https://example.com/whisky.html
2023-02-10,10:42:30,172.26.225.213,4165,https://example.com/india.html
2023-02-10,10:44:25,192.168.239.28,375,https://example.com/golf/charlie/papa.html
2023-02-10,10:46:22,172.19.123.12,3608,https://example.com/foxtrot/whisky/india.html
2023-02-10,10:51:28,172.27.233.163,2847,https://example.com/foxtrot.html
2023-02-10,10:52:05,172.20.18.244,3502,https://example.com/echo/hotel.html
2023-02-10,10:54:55,10.6.134.171,1555,https://example.com/whisky/quebec/victor.html
2023-02-10,10:57:31,192.168.61.10,4030,https://example.com/mike/lima.html
2023-02-10,11:00:00,10.81.84.205,3234,https://example.com/romeo.html
2023-02-10,11:03:10,172.18.130.86,1373,https://example.com/foxtrot/golf/charlie.html
2023-02-10,11:07:07,172.25.219.142,2488,https://example.com/lima.html
2023-02-10,11:11:53,172.19.58.176,2388,https://example.com/alpha/india/kilo.html
2023-02-10,11:15:48,10.189.217.232,3222,https://example.com/quebec.html
2023-02-10,11:15:49,192.168.117.180,242,https://example.com/victor/india.html
2023-02-10,11:18:06,10.109.186.202,1107,https://example.com/mike/sierra/hotel.html
2023-02-10,11:18:07,192.168.212.62,1161,https://example.com/zulu/tango.html
2023-02-10,11:19:15,10.52.123.221,1935,https://example.com/tango/romeo.html
2023-02-10,11:20:23,172.30.232.172,1414,https://example.com/juliet/romeo/sierra.html
2023-02-10,11:22:11,192.168.148.215,953,https://example.com/charlie/yankee/golf.html
2023-02-10,11:22:18,192.168.220.62,2554,https://example.com/sierra.html
2023-02-10,11:25:35,192.168.70.168,910,https://example.com/quebec/kilo.html
2023-02-10,11:30:03,10.87.251.41,466,https://example.com/november.html
2023-02-10,11:35:03,172.21.64.38,762,https://example.com/whisky/tango.html
2023-02-10,11:35:53,10.196.44.184,2529,https://example.com/whisky/quebec/whisky.html
2023-02-10,11:40:56,192.168.212.80,3140,https://example.com/hotel/quebec.html
2023-02-10,11:41:12,172.30.140.13,3156,https://example.com/whisky/hotel/india.html
2023-02-10,11:47:04,10.138.202.157,3185,https://example.com/echo/alpha/quebec.html
2023-02-10,11:47:17,10.52.162.20,3884,https://example.com/uniform/echo/quebec.html
2023-02-10,11:50:21,10.93.91.153,2026,https://example.com/mike.html
2023-02-10,11:50:53,172.18.118.2,3528,https://example.com/bravo/echo.html
2023-02-10,11:51:00,10.18.191.103,1034,https://example.com/xray/golf/kilo.html
2023-02-10,11:53:20,10.125.7.110,2818,https://example.com/mike/oscar/lima.html
2023-02-10,11:54:18,172.24.246.219,3028,https://example.com/zulu/tango.html
2023-02-10,11:55:29,172.23.43.140,660,https://example.com/zulu/juliet.html
2023-02-10,11:55:32,10.110.180.106,3178,https://example.com/india.html
2023-02-10,11:56:01,172.21.186.183,1362,https://example.com/bravo/golf.html
2023-02-10,11:56:55,10.180.205.186,2212,https://example.com/papa/sierra/oscar.html
2023-02-10,11:59:39,172.26.134.20,1243,https://example.com/alpha/november/tango.html
2023-02-10,12:02:49,192.168.169.251,577,https://example.com/hotel/alpha.html
2023-02-10,12:03:21,172.22.241.99,887,https://example.com/oscar.html
2023-02-10,12:04:14,192.168.30.102,3033,https://example.com/sierra/juliet/sierra.html
2023-02-10,12:08:39,192.168.144.231,1889,https://example.com/charlie.html
2023-02-10,12:09:48,192.168.120.2,2160,https://example.com/hotel/golf.html
2023-02-10,12:09:50,192.168.159.102,839,https://example.com/echo/romeo.html
2023-02-10,12:13:24,192.168.165.182,2316,https://example.com/victor/romeo.html
2023-02-10,12:14:28,172.25.195.115,4187,https://example.com/victor/alpha.html
2023-02-10,12:15:06,172.27.52.3,3596,https://example.com/papa/lima/tango.html
2023-02-10,12:16:57,10.234.133.43,3515,https://example.com/charlie/charlie/echo.html
2023-02-10,12:18:19,10.127.101.234,2588,https://example.com/alpha.html
2023-02-10,12:18:49,172.23.217.138,3719,https://example.com/xray.html
2023-02-10,12:19:10,10.142.77.180,4146,https://example.com/charlie.html
2023-02-10,12:20:01,172.18.48.190,1426,https://example.com/quebec.html
2023-02-10,12:22:02,172.17.210.246,1444,https://example.com/alpha.html
2023-02-10,12:22:12,10.207.226.155,3438,https://example.com/juliet/foxtrot/hotel.html
2023-02-10,12:23:16,192.168.136.195,3750,https://example.com/kilo/xray/hotel.html
2023-02-10,12:23:34,172.20.67.155,1590,https://example.com/delta.html
2023-02-10,12:23:59,10.139.152.117,83,https://example.com/quebec.html
2023-02-10,12:31:12,192.168.214.161,1159,https://example.com/golf/bravo.html
2023-02-10,12:31:18,172.24.105.2,4175,https://example.com/alpha/hotel.html
2023-02-10,12:31:57,10.124.210.18,4133,https://example.com/papa/tango.html
2023-02-10,12:33:07,172.26.112.64,3180,https://example.com/november.html
2023-02-10,12:36:41,172.29.92.166,719,https://example.com/oscar/victor.html
2023-02-10,12:36:51,192.168.252.190,2558,https://example.com/quebec.html
2023-02-10,12:36:52,192.168.217.151,3332,https://example.com/juliet/foxtrot/sierra.html
2023-02-10,12:38:50,172.20.110.231,428,https://example.com/whisky.html
2023-02-10,12:39:09,10.120.174.89,3620,https://example.com/delta.html
2023-02-10,12:41:04,172.17.78.135,3198,https://example.com/alpha/golf.html
2023-02-10,12:42:05,172.20.47.115,1153,https://example.com/golf/mike.html
2023-02-10,12:43:02,192.168.183.247,1024,https://example.com/oscar.html
2023-02-10,12:44:53,192.168.182.239,3621,https://example.com/whisky/november.html
2023-02-10,12:45:14,192.168.198.216,2431,https://example.com/zulu.html
2023-02-10,12:46:26,10.167.108.37,4186,https://example.com/romeo.html
2023-02-10,12:48:24,192.168.177.209,1093,https://example.com/delta.html
2023-02-10,12:53:19,10.236.125.236,3159,https://example.com/india.html
2023-02-10,12:57:37,10.78.124.105,1729,https://example.com/hotel/foxtrot.html
2023-02-10,13:00:25,172.19.28.169,1199,https://example.com/lima.html
2023-02-10,13:02:27,192.168.110.178,3798,https://example.com/tango/charlie/alpha.html
2023-02-10,13:03:12,172.27.146.26,93,https://example.com/whisky.html
2023-02-10,13:05:49,192.168.177.200,101,https://example.com/hotel/yankee/hotel.html
2023-02-10,13:12:46,172.22.191.89,3629,https://example.com/delta/papa/sierra.html
2023-02-10,13:18:12,10.59.149.58,3021,https://example.com/whisky.html
2023-02-10,13:18:52,172.22.24.180,2952,https://example.com/romeo.html
2023-02-10,13:20:41,192.168.79.40,3429,https://example.com/yankee/golf.html
2023-02-10,13:21:57,172.19.243.113,1590,https://example.com/november/kilo/whisky.html
2023-02-10,13:24:39,10.61.142.66,2088,https://example.com/india/papa/alpha.html
2023-02-10,13:25:33,10.45.155.219,3165,https://example.com/hotel/papa/oscar.html
2023-02-10,13:27:22,10.255.127.9,1575,https://example.com/charlie/whisky/juliet.html
2023-02-10,13:27:33,192.168.249.33,3437,https://example.com/india/xray/quebec.html
2023-02-10,13:29:11,10.74.94.219,4210,https://example.com/november/foxtrot/zulu.html
2023-02-10,13:29:35,172.28.179.147,2018,https://example.com/xray/papa/tango.html
2023-02-10,13:30:01,10.229.178.211,752,https://example.com/victor/sierra/lima.html
2023-02-10,13:30:35,10.33.151.38,1285,https://example.com/india/echo/victor.html
2023-02-10,13:31:03,10.86.196.44,1688,https://example.com/oscar/whisky/delta.html
2023-02-10,13:31:40,10.82.236.70,3490,https://example.com/november/foxtrot.html
2023-02-10,13:34:54,172.30.117.47,2690,https://example.com/oscar/whisky/zulu.html
2023-02-10,13:37:38,192.168.44.18,2676,https://example.com/whisky/zulu.html
2023-02-10,13:38:14,10.245.255.7,759,https://example.com/charlie.html
2023-02-10,13:38:23,192.168.47.124,3638,https://example.com/yankee/whisky.html
2023-02-10,13:39:09,172.29.92.211,3335,https://example.com/xray.html
2023-02-10,13:41:01,10.216.40.244,2346,https://example.com/bravo/foxtrot.html
2023-02-10,13:44:37,172.16.38.65,121,https://example.com/mike.html
2023-02-10,13:44:56,10.212.134.71,2640,https://example.com/uniform/sierra/november.html
2023-02-10,13:47:29,172.23.100.225,2507,https://example.com/hotel/xray/zulu.html
2023-02-10,13:48:51,10.55.170.149,2699,https://example.com/uniform/kilo.html
2023-02-10,13:56:20,10.137.49.150,376,https://example.com/alpha.html
2023-02-10,13:58:40,192.168.225.185,2236,https://example.com/xray/romeo/sierra.html
2023-02-10,14:00:38,10.41.204.52,873,https://example.com/delta/india/november.html
2023-02-10,14:05:43,10.21.160.12,2145,https://example.com/november/romeo.html
2023-02-10,14:06:46,192.168.243.212,1636,https://example.com/sierra/golf.html
2023-02-10,14:10:35,10.11.180.107,1555,https://example.com/papa.html
2023-02-10,14:12:04,10.37.175.227,1218,https://example.com/bravo/uniform/zulu.html
2023-02-10,14:15:37,10.58.239.24,1002,https://example.com/sierra/alpha/charlie.html
2023-02-10,14:15:53,172.27.25.156,247,https://example.com/quebec/foxtrot/foxtrot.html
2023-02-10,14:17:02,10.117.92.175,2424,https://example.com/yankee/oscar/yankee.html
2023-02-10,14:17:27,172.29.15.152,548,https://example.com/alpha/bravo.html
2023-02-10,14:17:37,10.2.209.232,394,https://example.com/delta.html
2023-02-10,14:19:50,172.17.210.44,888,https://example.com/lima.html
2023-02-10,14:25:12,172.29.235.28,2770,https://example.com/delta/golf.html
2023-02-10,14:26:01,10.239.92.16,2218,https://example.com/charlie/whisky/bravo.html
2023-02-10,14:26:04,10.5.99.230,1387,https://example.com/alpha/mike.html
2023-02-10,14:28:54,10.28.220.13,3325,https://example.com/charlie.html
2023-02-10,14:30:04,10.40.209.62,300,https://example.com/juliet/whisky/uniform.html
2023-02-10,14:33:04,192.168.51.217,376,https://example.com/victor.html
2023-02-10,14:34:58,172.25.121.37,344,https://example.com/foxtrot/whisky/whisky.html
2023-02-10,14:38:39,10.22.37.15,3419,https://example.com/mike/india.html
2023-02-10,14:41:52,10.47.25.151,3294,https://example.com/golf/sierra.html
2023-02-10,14:42:32,192.168.187.205,2845,https://example.com/juliet.html
2023-02-10,14:43:24,10.160.89.205,1641,https://example.com/romeo/bravo/sierra.html
2023-02-10,14:44:17,172.27.28.85,4177,https://example.com/lima.html
2023-02-10,14:46:24,172.19.122.93,1747,https://example.com/lima/romeo/india.html
2023-02-10,14:47:18,10.73.230.82,473,https://example.com/golf.html
2023-02-10,14:47:22,10.182.93.173,3702,https://example.com/hotel.html
2023-02-10,14:47:31,10.49.58.207,1800,https://example.com/xray/echo/xray.html
2023-02-10,14:47:51,10.51.153.249,2517,https://example.com/charlie.html
2023-02-10,14:48:54,192.168.147.227,3531,https://example.com/lima.html
2023-02-10,14:50:26,172.25.10.179,2515,https://example.com/mike.html
2023-02-10,14:50:48,10.43.44.191,2488,https://example.com/alpha/oscar/quebec.html
2023-02-10,14:53:59,10.226.233.131,3616,https://example.com/xray/uniform/victor.html
2023-02-10,14:54:24,192.168.8.10,3754,https://example.com/kilo/romeo.html
2023-02-10,14:55:25,10.146.148.232,3096,https://example.com/zulu/golf.html
2023-02-10,14:55:31,192.168.85.105,3809,https://example.com/charlie.html
2023-02-10,14:55:33,192.168.225.25,596,https://example.com/whisky.html
2023-02-10,14:56:05,172.26.113.96,3934,https://example.com/india/sierra/zulu.html
2023-02-10,14:56:48,172.20.148.130,2989,https://example.com/papa/kilo.html
2023-02-10,14:58:21,172.24.118.249,296,https://example.com/victor/hotel.html
2023-02-10,15:00:40,172.20.126.163,3814,https://example.com/hotel/charlie/hotel.html
2023-02-10,15:02:17,192.168.150.43,3471,https://example.com/quebec/juliet.html
2023-02-10,15:07:03,172.19.22.246,2449,https://example.com/juliet/kilo.html
2023-02-10,15:07:12,192.168.159.152,611,https://example.com/uniform.html
2023-02-10,15:07:19,192.168.194.224,108,https://example.com/papa/romeo/romeo.html
2023-02-10,15:09:55,10.246.26.9,976,https://example.com/golf/hotel.html
2023-02-10,15:10:51,192.168.111.91,1362,https://example.com/bravo/bravo/romeo.html
2023-02-10,15:11:57,192.168.154.59,2805,https://example.com/india/victor/charlie.html
2023-02-10,15:12:03,172.28.131.250,1337,https://example.com/alpha.html
2023-02-10,15:12:11,10.188.68.207,1518,https://example.com/bravo.html
2023-02-10,15:12:52,10.203.53.141,1697,https://example.com/november/lima/yankee.html
2023-02-10,15:16:09,192.168.31.170,3006,https://example.com/charlie/yankee.html
2023-02-10,15:16:25,10.127.136.131,1826,https://example.com/juliet/quebec/juliet.html
2023-02-10,15:19:10,192.168.159.104,2398,https://example.com/india/sierra/delta.html
2023-02-10,15:20:48,172.17.201.80,310,https://example.com/hotel.html
2023-02-10,15:22:10,10.111.248.235,2785,https://example.com/quebec.html
2023-02-10,15:22:31,192.168.129.251,759,https://example.com/papa.html
2023-02-10,15:23:04,192.168.164.18,270,https://example.com/golf.html
2023-02-10,15:24:02,10.220.201.54,1576,https://example.com/charlie/kilo/sierra.html
2023-02-10,15:24:49,172.20.190.109,4227,https://example.com/oscar/bravo.html
2023-02-10,15:27:16,192.168.79.80,2656,https://example.com/bravo.html
2023-02-10,15:29:37,192.168.199.244,286,https://example.com/golf/papa.html
2023-02-10,15:29:55,172.30.100.110,4234,https://example.com/kilo/echo.html
2023-02-10,15:31:13,192.168.212.60,3330,https://example.com/yankee.html
2023-02-10,15:32:21,192.168.231.158,2581,https://example.com/foxtrot/lima.html
2023-02-10,15:33:37,192.168.53.7,3470,https://example.com/echo/oscar.html
2023-02-10,15:35:17,192.168.132.9,379,https://example.com/romeo/kilo/sierra.html
2023-02-10,15:39:58,10.144.100.229,601,https://example.com/november/kilo.html
2023-02-10,15:41:44,192.168.39.65,2317,https://example.com/romeo.html
2023-02-10,15:43:56,172.24.95.225,975,https://example.com/foxtrot/alpha/lima.html
2023-02-10,15:46:15,10.187.105.246,2706,https://example.com/mike/mike/golf.html
2023-02-10,15:51:50,192.168.127.102,537,https://example.com/golf/romeo.html
2023-02-10,15:54:20,172.16.5.137,310,https://example.com/papa/romeo.html
2023-02-10,15:58:30,10.15.134.14,3309,https://example.com/golf.html
2023-02-10,16:01:43,192.168.230.247,930,https://example.com/echo/mike.html
2023-02-10,16:02:13,172.28.231.66,1552,https://example.com/alpha/xray.html
2023-02-10,16:03:03,10.190.179.117,305,https://example.com/november.html
2023-02-10,16:06:04,192.168.143.91,3365,https://example.com/romeo.html
2023-02-10,16:10:42,172.31.41.234,2890,https://example.com/victor/yankee.html
2023-02-10,16:14:45,192.168.104.20,639,https://example.com/xray.html
2023-02-10,16:20:33,10.119.121.56,3539,https://example.com/yankee/romeo/juliet.html
2023-02-10,16:25:11,192.168.39.208,203,https://example.com/juliet/juliet/whisky.html
2023-02-10,16:25:28,10.83.254.174,1352,https://example.com/tango.html
2023-02-10,16:31:59,172.27.219.43,3086,https://example.com/quebec/echo.html
2023-02-10,16:32:51,172.28.47.82,2001,https://example.com/bravo/tango.html
2023-02-10,16:34:32,172.17.60.131,1125,https://example.com/quebec/sierra/uniform.html
2023-02-10,16:35:02,10.150.233.1,3017,https://example.com/hotel.html
2023-02-10,16:36:02,192.168.111.244,176,https://example.com/lima/whisky.html
2023-02-10,16:37:59,10.127.8.5,1075,https://example.com/golf/quebec/delta.html
2023-02-10,16:38:46,192.168.43.169,1946,https://example.com/xray/mike/whisky.html
2023-02-10,16:41:16,10.43.24.16,2332,https://example.com/yankee/india.html
2023-02-10,16:41:42,10.79.81.5,3539,https://example.com/victor/uniform.html
2023-02-10,16:42:05,192.168.185.180,1862,https://example.com/foxtrot/echo/foxtrot.html
2023-02-10,16:42:26,172.17.219.221,2771,https://example.com/zulu/oscar.html
2023-02-10,16:42:55,172.18.184.100,2462,https://example.com/india/bravo/yankee.html
2023-02-10,16:44:38,172.28.196.56,1884,https://example.com/yankee/charlie/romeo.html
2023-02-10,16:44:44,172.17.51.65,744,https://example.com/alpha/quebec/november.html
2023-02-10,16:46:20,10.187.103.215,2248,https://example.com/romeo.html
2023-02-10,16:50:26,10.214.194.230,3662,https://example.com/alpha.html
2023-02-10,16:51:23,192.168.235.55,1108,https://example.com/whisky/sierra/echo.html
2023-02-10,16:52:54,10.253.237.50,2071,https://example.com/golf/mike/tango.html
2023-02-10,16:56:44,192.168.69.189,2217,https://example.com/hotel/golf.html
2023-02-10,16:57:07,192.168.3.206,4087,https://example.com/india.html
2023-02-10,16:57:34,10.203.113.218,1486,https://example.com/papa/delta.html
2023-02-10,17:00:56,172.30.218.35,174,https://example.com/golf.html
2023-02-10,17:02:28,172.28.160.237,1250,https://example.com/juliet/victor.html
2023-02-10,17:02:46,172.30.195.227,4089,https://example.com/victor/tango/mike.html
2023-02-10,17:06:24,192.168.131.218,2829,https://example.com/oscar/hotel/yankee.html
2023-02-10,17:07:45,172.18.251.79,3840,https://example.com/foxtrot/uniform.html
2023-02-10,17:09:29,192.168.59.74,3665,https://example.com/sierra/uniform/victor.html
2023-02-10,17:10:41,192.168.75.90,1772,https://example.com/mike/yankee.html
2023-02-10,17:11:32,10.228.141.41,2766,https://example.com/alpha/echo/tango.html
2023-02-10,17:12:47,10.132.71.68,3318,https://example.com/yankee.html
2023-02-10,17:13:11,172.27.237.156,1442,https://example.com/papa/golf.html
2023-02-10,17:13:30,192.168.143.181,260,https://example.com/mike/tango/bravo.html
2023-02-10,17:14:40,172.21.187.250,2553,https://example.com/victor.html
2023-02-10,17:16:39,172.23.17.222,2950,https://example.com/lima/delta/foxtrot.html
2023-02-10,17:17:43,10.56.19.175,1443,https://example.com/oscar/papa.html
2023-02-10,17:18:07,172.18.6.91,402,https://example.com/quebec.html
2023-02-10,17:18:47,10.31.191.40,2910,https://example.com/india/papa.html
2023-02-10,17:19:44,172.21.7.165,3696,https://example.com/papa.html
2023-02-10,17:25:31,10.66.89.45,59,https://example.com/oscar/xray/alpha.html
2023-02-10,17:26:34,172.20.247.37,803,https://example.com/quebec/romeo/lima.html
2023-02-10,17:30:12,10.8.209.10,1844,https://example.com/kilo/delta.html
2023-02-10,17:31:02,172.27.121.164,3638,https://example.com/golf/alpha/zulu.html
2023-02-10,17:31:33,10.110.209.27,2903,https://example.com/romeo/romeo.html
2023-02-10,17:32:02,10.137.43.125,2369,https://example.com/lima.html
2023-02-10,17:32:24,172.16.68.127,710,https://example.com/echo.html
2023-02-10,17:33:03,192.168.46.248,4031,https://example.com/yankee.html
2023-02-10,17:45:39,10.247.254.249,1670,https://example.com/zulu.html
2023-02-10,17:48:04,192.168.68.222,230,https://example.com/golf/mike.html
2023-02-10,17:54:28,192.168.21.132,3091,https://example.com/uniform/lima.html
2023-02-10,17:58:45,10.73.2.127,104,https://example.com/sierra/victor.html
2023-02-10,18:00:09,172.24.75.163,2590,https://example.com/oscar/sierra.html
2023-02-10,18:02:46,172.20.255.225,1421,https://example.com/echo/bravo.html
2023-02-10,18:03:42,10.118.155.61,2381,https://example.com/echo.html
2023-02-10,18:04:09,10.223.22.169,2786,https://example.com/victor/romeo.html
2023-02-10,18:05:07,172.31.1.218,830,https://example.com/india/uniform.html
2023-02-10,18:05:14,10.208.194.146,2625,https://example.com/charlie/delta.html
2023-02-10,18:11:45,10.147.179.6,1956,https://example.com/sierra/romeo/november.html
2023-02-10,18:14:13,10.153.115.85,2957,https://example.com/oscar/juliet/victor.html
2023-02-10,18:14:39,192.168.59.174,2315,https://example.com/xray/kilo/echo.html
2023-02-10,18:17:06,172.29.51.172,1318,https://example.com/mike.html
2023-02-10,18:20:55,10.150.127.133,2537,https://example.com/victor/whisky.html
2023-02-10,18:21:29,10.167.78.183,1628,https://example.com/kilo.html
2023-02-10,18:22:59,10.213.130.51,888,https://example.com/papa/golf.html
2023-02-10,18:26:01,192.168.9.228,95,https://example.com/alpha.html
2023-02-10,18:27:33,10.113.202.30,797,https://example.com/juliet/zulu/delta.html
2023-02-10,18:29:45,192.168.218.6,588,https://example.com/xray/papa/sierra.html
2023-02-10,18:30:53,10.40.45.111,876,https://example.com/kilo.html
2023-02-10,18:36:01,10.206.93.17,3925,https://example.com/papa/whisky.html
2023-02-10,18:36:20,192.168.57.19,3330,https://example.com/foxtrot/romeo.html
2023-02-10,18:36:28,192.168.147.73,1338,https://example.com/india/papa/victor.html
2023-02-10,18:39:50,192.168.234.169,2255,https://example.com/india/yankee.html
2023-02-10,18:39:55,10.111.86.203,3683,https://example.com/kilo.html
2023-02-10,18:40:28,172.18.246.190,2059,https://example.com/papa.html
2023-02-10,18:41:14,10.147.65.119,2962,https://example.com/golf/zulu.html
2023-02-10,18:41:53,10.173.86.246,4024,https://example.com/oscar.html
2023-02-10,18:42:27,10.48.95.15,3052,https://example.com/charlie/victor.html
2023-02-10,18:44:23,10.22.216.236,1431,https://example.com/alpha.html
2023-02-10,18:45:49,10.238.122.45,1633,https://example.com/quebec/xray/lima.html
2023-02-10,18:47:35,10.207.185.199,3719,https://example.com/golf.html
2023-02-10,18:48:29,10.68.40.201,1654,https://example.com/whisky.html
2023-02-10,18:51:18,192.168.176.167,553,https://example.com/quebec/tango.html
2023-02-10,18:52:04,192.168.79.195,755,https://example.com/quebec/juliet/kilo.html
2023-02-10,19:03:52,10.12.83.20,4179,https://example.com/echo.html
2023-02-10,19:05:23,172.21.107.191,1077,https://example.com/mike/charlie/november.html
2023-02-10,19:08:00,172.19.100.255,807,https://example.com/delta/delta/bravo.html
2023-02-10,19:08:00,10.187.237.149,4136,https://example.com/romeo.html
2023-02-10,19:09:33,172.31.85.191,3444,https://example.com/bravo.html
2023-02-10,19:12:43,192.168.241.92,1253,https://example.com/yankee/mike/charlie.html
2023-02-10,19:15:46,192.168.226.244,1688,https://example.com/juliet/quebec/hotel.html
2023-02-10,19:16:01,172.18.124.124,2528,https://example.com/zulu.html
2023-02-10,19:16:27,172.26.185.212,2729,https://example.com/sierra/lima/tango.html
2023-02-10,19:16:28,192.168.254.159,3770,https://example.com/zulu/zulu.html
2023-02-10,19:18:40,172.18.25.213,2374,https://example.com/sierra/kilo/romeo.html
2023-02-10,19:19:43,192.168.16.111,2413,https://example.com/kilo/zulu.html
2023-02-10,19:20:12,10.112.114.131,2373,https://example.com/tango/lima.html
2023-02-10,19:21:22,172.19.175.104,1744,https://example.com/foxtrot.html
2023-02-10,19:24:57,192.168.27.130,3509,https://example.com/quebec.html
2023-02-10,19:25:54,192.168.61.161,1932,https://example.com/kilo.html
2023-02-10,19:26:58,192.168.197.220,3857,https://example.com/oscar.html
2023-02-10,19:29:14,172.18.2.115,1273,https://example.com/bravo/lima/whisky.html
2023-02-10,19:29:32,172.20.50.16,3821,https://example.com/oscar.html
2023-02-10,19:30:58,192.168.118.28,116,https://example.com/november.html
2023-02-10,19:32:01,10.18.238.182,1476,https://example.com/zulu/bravo/alpha.html
2023-02-10,19:32:56,192.168.25.199,4168,https://example.com/foxtrot.html
2023-02-10,19:33:43,10.185.241.33,475,https://example.com/xray.html
2023-02-10,19:34:14,172.28.154.184,3787,https://example.com/echo/hotel.html
2023-02-10,19:36:39,10.72.98.254,622,https://example.com/mike.html
2023-02-10,19:37:30,172.26.68.163,2422,https://example.com/bravo/delta/lima.html
2023-02-10,19:39:53,192.168.9.219,1321,https://example.com/juliet/romeo/uniform.html
2023-02-10,19:41:31,192.168.248.137,2770,https://example.com/xray/zulu/lima.html
2023-02-10,19:41:36,10.227.146.18,1596,https://example.com/romeo/papa/kilo.html
2023-02-10,19:43:38,10.32.130.49,1371,https://example.com/hotel/quebec.html
2023-02-10,19:43:43,172.24.88.100,1029,https://example.com/sierra/xray/oscar.html
2023-02-10,19:43:49,172.19.3.115,2328,https://example.com/victor/mike.html
2023-02-10,19:45:05,192.168.147.62,1466,https://example.com/hotel/golf.html
2023-02-10,19:48:16,172.21.106.152,1796,https://example.com/kilo.html
2023-02-10,19:48:29,10.166.51.163,427,https://example.com/sierra.html
2023-02-10,19:48:55,172.17.183.37,3398,https://example.com/xray/november.html
2023-02-10,19:49:12,172.30.101.175,609,https://example.com/papa/alpha/uniform.html
2023-02-10,19:49:50,172.19.152.139,860,https://example.com/golf.html
2023-02-10,19:52:16,10.214.181.195,560,https://example.com/zulu/mike.html
2023-02-10,19:52:45,10.70.211.29,3323,https://example.com/delta/zulu.html
2023-02-10,19:54:29,10.249.154.59,3728,https://example.com/uniform/charlie.html
2023-02-10,19:57:31,10.198.104.204,822,https://example.com/zulu.html
2023-02-10,19:57:51,10.181.167.219,3717,https://example.com/quebec/xray/mike.html
2023-02-10,19:58:49,192.168.87.135,2630,https://example.com/romeo.html
2023-02-10,19:59:14,192.168.158.141,1650,https://example.com/golf.html
2023-02-10,19:59:28,172.30.205.254,1470,https://example.com/uniform/sierra.html
2023-02-10,20:01:42,192.168.10.105,1979,https://example.com/sierra.html
2023-02-10,20:02:45,172.19.226.156,2672,https://example.com/papa/uniform.html
2023-02-10,20:03:06,172.18.172.4,695,https://example.com/kilo/mike.html
2023-02-10,20:05:04,192.168.24.209,2680,https://example.com/juliet/papa.html
2023-02-10,20:05:19,192.168.221.119,334,https://example.com/whisky/india/lima.html
2023-02-10,20:06:15,10.232.16.109,3043,https://example.com/romeo/golf.html
2023-02-10,20:07:59,192.168.122.192,3322,https://example.com/hotel.html
2023-02-10,20:08:30,172.28.49.95,2149,https://example.com/india/charlie.html
2023-02-10,20:11:26,10.125.194.12,3941,https://example.com/india/uniform/india.html
2023-02-10,20:12:25,172.25.92.200,3849,https://example.com/whisky.html
2023-02-10,20:12:53,192.168.19.160,331,https://example.com/quebec/charlie.html
2023-02-10,20:18:28,192.168.57.137,3115,https://example.com/tango.html
2023-02-10,20:23:39,10.231.49.77,3893,https://example.com/echo/sierra.html
2023-02-10,20:23:59,172.18.69.78,2310,https://example.com/whisky/bravo/oscar.html
2023-02-10,20:25:26,172.21.222.190,1914,https://example.com/juliet.html
2023-02-10,20:26:54,192.168.148.11,3265,https://example.com/quebec/mike.html
2023-02-10,20:28:18,192.168.56.239,2862,https://example.com/papa.html
2023-02-10,20:28:21,172.26.94.86,2843,https://example.com/bravo.html
2023-02-10,20:30:12,172.26.49.216,1924,https://example.com/hotel.html
2023-02-10,20:30:28,172.20.136.23,585,https://example.com/yankee.html
2023-02-10,20:31:16,172.29.57.136,2361,https://example.com/zulu/yankee.html
2023-02-10,20:32:28,172.23.189.142,2793,https://example.com/echo/xray.html
2023-02-10,20:34:10,192.168.205.164,3371,https://example.com/tango/yankee.html
2023-02-10,20:34:26,172.31.11.73,756,https://example.com/tango/foxtrot/hotel.html
2023-02-10,20:36:36,192.168.91.44,3625,https://example.com/india/yankee.html
2023-02-10,20:36:59,172.26.241.217,3142,https://example.com/charlie/victor/uniform.html
2023-02-10,20:37:24,10.224.40.160,3171,https://example.com/xray/romeo/tango.html
2023-02-10,20:39:32,192.168.61.30,3039,https://example.com/charlie/alpha.html
2023-02-10,20:40:30,172.30.6.2,1052,https://example.com/oscar.html
2023-02-10,20:41:00,192.168.139.195,2963,https://example.com/india/sierra/victor.html
2023-02-10,20:41:20,10.28.172.166,587,https://example.com/charlie.html
2023-02-10,20:43:01,10.90.33.210,1161,https://example.com/papa/charlie.html
2023-02-10,20:44:56,192.168.235.198,1932,https://example.com/mike.html
2023-02-10,20:47:48,10.229.17.92,3132,https://example.com/juliet/lima.html
2023-02-10,20:48:08,172.30.64.229,3041,https://example.com/golf/oscar/whisky.html
2023-02-10,20:49:18,192.168.42.57,816,https://example.com/charlie/juliet.html
2023-02-10,20:54:09,10.215.26.151,3732,https://example.com/juliet/november/charlie.html
2023-02-10,20:54:27,192.168.30.212,3183,https://example.com/delta/kilo/hotel.html
2023-02-10,20:55:48,10.8.128.191,2033,https://example.com/juliet/alpha/sierra.html
2023-02-10,20:55:54,172.27.95.161,1119,https://example.com/november/echo/echo.html
2023-02-10,20:57:38,172.30.91.185,1689,https://example.com/lima/zulu/bravo.html
2023-02-10,21:01:03,10.195.46.175,1786,https://example.com/alpha/kilo/victor.html
2023-02-10,21:02:14,10.71.19.160,4234,https://example.com/mike.html
2023-02-10,21:02:19,172.24.97.95,1311,https://example.com/quebec/foxtrot.html
2023-02-10,21:03:35,192.168.181.231,1959,https://example.com/tango/uniform.html
2023-02-10,21:04:49,192.168.104.13,1906,https://example.com/india/quebec/golf.html
2023-02-10,21:06:03,192.168.26.175,527,https://example.com/yankee/papa/xray.html
2023-02-10,21:07:48,10.157.203.135,3554,https://example.com/hotel.html
2023-02-10,21:11:19,172.30.165.39,4033,https://example.com/tango.html
2023-02-10,21:17:04,172.31.48.160,3019,https://example.com/bravo/foxtrot.html
2023-02-10,21:19:49,10.123.202.28,1066,https://example.com/sierra/whisky/hotel.html
2023-02-10,21:20:01,172.27.36.109,1225,https://example.com/lima.html
2023-02-10,21:21:31,192.168.144.67,3064,https://example.com/mike/quebec.html
2023-02-10,21:21:57,172.27.255.31,2293,https://example.com/india/november/mike.html
2023-02-10,21:22:14,192.168.221.194,3714,https://example.com/yankee.html
2023-02-10,21:23:02,10.126.104.242,3062,https://example.com/whisky/papa.html
2023-02-10,21:24:36,192.168.196.70,415,https://example.com/india/bravo.html
2023-02-10,21:24:54,192.168.197.196,50,https://example.com/november/quebec/kilo.html
2023-02-10,21:24:55,10.169.156.156,2551,https://example.com/papa.html
2023-02-10,21:25:17,10.203.194.214,2713,https://example.com/romeo.html
2023-02-10,21:29:57,172.16.213.94,3799,https://example.com/india.html
2023-02-10,21:30:02,172.22.186.35,3600,https://example.com/victor.html
2023-02-10,21:34:10,10.51.173.25,3271,https://example.com/hotel.html
2023-02-10,21:34:18,192.168.60.169,1412,https://example.com/kilo.html
2023-02-10,21:34:46,10.202.74.254,2246,https://example.com/uniform/papa/november.html
2023-02-10,21:35:13,10.58.167.171,750,https://example.com/uniform.html
2023-02-10,21:36:26,172.16.129.165,3380,https://example.com/november/whisky/bravo.html
2023-02-10,21:37:03,192.168.79.125,2393,https://example.com/kilo/india/november.html
2023-02-10,21:38:27,10.83.141.219,3549,https://example.com/juliet/romeo/quebec.html
2023-02-10,21:40:52,172.27.58.228,812,https://example.com/hotel.html
2023-02-10,21:42:16,192.168.148.217,4216,https://example.com/whisky.html
2023-02-10,21:42:48,192.168.119.83,1411,https://example.com/uniform/xray/golf.html
2023-02-10,21:44:05,172.18.26.42,3454,https://example.com/juliet.html
2023-02-10,21:45:52,10.234.191.108,1399,https://example.com/charlie/hotel/mike.html
2023-02-10,21:47:56,172.27.232.47,887,https://example.com/yankee.html
2023-02-10,21:49:42,192.168.197.161,2246,https://example.com/xray/alpha.html
2023-02-10,21:55:45,192.168.103.141,421,https://example.com/romeo/bravo/alpha.html
2023-02-10,21:57:09,172.28.50.131,2018,https://example.com/charlie.html
2023-02-10,21:58:39,172.23.79.95,1235,https://example.com/november/hotel.html
2023-02-10,21:59:02,192.168.253.86,3263,https://example.com/uniform/foxtrot.html
2023-02-10,21:59:39,10.80.89.101,3995,https://example.com/sierra.html
2023-02-10,22:00:03,192.168.225.138,4034,https://example.com/papa/november.html
2023-02-10,22:00:49,10.224.241.50,988,https://example.com/papa.html
2023-02-10,22:02:02,192.168.182.209,3179,https://example.com/echo/xray/foxtrot.html
2023-02-10,22:02:38,192.168.85.54,3593,https://example.com/mike/charlie/whisky.html
2023-02-10,22:03:58,172.16.8.103,3821,https://example.com/november/whisky.html
2023-02-10,22:11:24,10.3.89.43,2559,https://example.com/uniform/foxtrot/lima.html
2023-02-10,22:11:58,172.16.211.55,3333,https://example.com/india.html
2023-02-10,22:13:42,10.43.198.123,1966,https://example.com/uniform/delta.html
2023-02-10,22:15:33,172.17.187.83,4002,https://example.com/papa.html
2023-02-10,22:17:17,10.139.240.151,2267,https://example.com/whisky/xray/delta.html
2023-02-10,22:20:19,172.26.18.94,2680,https://example.com/bravo.html
2023-02-10,22:24:26,10.64.12.46,953,https://example.com/oscar/yankee/juliet.html
2023-02-10,22:25:12,10.61.119.234,2560,https://example.com/foxtrot.html
2023-02-10,22:26:09,192.168.36.188,271,https://example.com/charlie.html
2023-02-10,22:29:25,172.25.219.58,4169,https://example.com/lima/zulu/quebec.html
2023-02-10,22:31:55,192.168.192.81,3950,https://example.com/november.html
2023-02-10,22:36:23,172.31.32.129,2454,https://example.com/november.html
2023-02-10,22:40:54,172.24.132.14,2205,https://example.com/delta/zulu/india.html
2023-02-10,22:44:06,192.168.135.158,1418,https://example.com/romeo.html
2023-02-10,22:45:31,172.28.127.152,4168,https://example.com/india/uniform.html
2023-02-10,22:49:00,10.233.57.245,2737,https://example.com/papa/yankee/victor.html
2023-02-10,22:49:57,192.168.173.138,663,https://example.com/romeo/bravo.html
2023-02-10,22:50:12,10.160.140.3,2682,https://example.com/yankee/sierra/echo.html
2023-02-10,22:57:19,192.168.48.161,4168,https://example.com/victor/uniform.html
2023-02-10,22:59:42,10.142.183.90,2815,https://example.com/sierra/bravo.html
2023-02-10,22:59:45,10.132.254.182,3430,https://example.com/echo/lima.html
2023-02-10,23:02:55,10.144.53.70,2761,https://example.com/tango.html
2023-02-10,23:05:04,192.168.134.21,390,https://example.com/charlie/victor.html
2023-02-10,23:09:43,10.3.29.184,270,https://example.com/alpha/xray/delta.html
2023-02-10,23:10:00,172.27.127.68,4092,https://example.com/whisky.html
2023-02-10,23:11:16,10.37.29.122,2553,https://example.com/victor.html
2023-02-10,23:12:39,192.168.14.17,1342,https://example.com/foxtrot.html
2023-02-10,23:13:40,172.18.235.184,335,https://example.com/romeo/india/whisky.html
2023-02-10,23:15:14,172.28.106.57,2245,https://example.com/kilo/lima/alpha.html
2023-02-10,23:19:02,172.28.199.49,910,https://example.com/victor/kilo.html
2023-02-10,23:19:32,172.23.1.159,1955,https://example.com/yankee/papa/quebec.html
2023-02-10,23:21:41,172.24.76.21,3822,https://example.com/foxtrot.html
2023-02-10,23:29:09,10.132.96.12,1085,https://example.com/juliet/delta.html
2023-02-10,23:29:30,192.168.176.176,2282,https://example.com/victor/bravo.html
2023-02-10,23:30:41,172.22.161.36,2767,https://example.com/alpha/uniform.html
2023-02-10,23:31:18,10.79.180.202,3754,https://example.com/quebec/oscar.html
2023-02-10,23:32:43,10.222.102.114,2116,https://example.com/tango.html
2023-02-10,23:33:03,10.254.211.17,2130,https://example.com/victor/mike.html
2023-02-10,23:33:26,172.31.40.24,4089,https://example.com/golf.html
2023-02-10,23:34:02,10.205.215.46,1746,https://example.com/bravo/bravo.html
2023-02-10,23:35:54,10.32.142.75,1677,https://example.com/quebec.html
2023-02-10,23:36:26,192.168.252.117,2962,https://example.com/quebec/juliet/papa.html
2023-02-10,23:39:58,172.29.237.115,1715,https://example.com/victor/delta.html
2023-02-10,23:40:45,192.168.151.21,3141,https://example.com/tango/sierra/juliet.html
2023-02-10,23:41:19,172.28.6.244,2153,https://example.com/oscar/yankee.html
2023-02-10,23:43:56,172.25.82.89,2185,https://example.com/november/papa.html
2023-02-10,23:46:22,10.71.120.206,1648,https://example.com/sierra/yankee.html
2023-02-10,23:49:56,172.26.67.23,3618,https://example.com/uniform/foxtrot/lima.html
2023-02-10,23:51:56,172.24.27.249,3936,https://example.com/juliet/zulu.html
2023-02-10,23:52:16,192.168.89.69,422,https://example.com/delta/papa.html
2023-02-10,23:53:34,10.253.190.177,1834,https://example.com/india/mike/delta.html
2023-02-10,23:55:27,172.30.13.61,1832,https://example.com/quebec.html
2023-02-10,23:55:44,10.213.64.14,914,https://example.com/mike/juliet.html
2023-02-10,23:58:43,192.168.241.44,1666,https://example.com/echo/oscar/xray.html
2023-02-10,23:59:46,172.26.40.39,613,https://example.com/kilo/zulu/tango.html
